x,y,theta,vy,theta_dot,input,cost,x,.y
200,200,0,0,0,0,0,200,200
200.903,196.97,4.08971,0.290043,-3.77985,0.153,617.23,200,200
202.786,204.626,1.4727,-0.195335,2.5431,-0.102,231.307,200,200
200.468,198.51,0.483715,0.74993,-9.91233,0.459,686.96,200,200
200.397,199.019,5.43472,0.896472,-12.0541,0.663,633.673,200,200
200.468,198.51,0.483715,0.74993,-9.91233,0.459,179.177,200,200
202.053,196.562,0.913344,0.228341,-5.27656,-0.102,651.878,200.903,196.97
202.075,191.284,0.0850663,-0.181944,-1.63196,-0.306,330.443,202.053,196.562
205.439,186.374,5.26125,0.0196432,-2.63876,0.102,615.556,202.075,191.284
197.806,183.48,4.16589,-0.0152986,-2.23553,-0.051,332.655,205.439,186.374
200.912,203.028,2.19029,-0.290043,3.77985,-0.153,568.744,200,200
191.613,178.585,4.33428,-0.16289,-0.0863091,-0.102,405.315,197.806,183.48
187.61,171.484,4.06669,0.00710704,-0.911306,0.102,844.718,191.613,178.585
206.252,179.658,5.62744,-0.208811,0.286411,-0.153,298.998,205.439,186.374
186.058,164.959,4.90447,-0.16653,1.32873,-0.102,546.115,187.61,171.484
196.577,202.323,1.9324,0.222568,-0.618155,0.357,70.8986,200.912,203.028
185.397,160.99,3.45815,0.248455,-2.72983,0.255,406.839,186.058,164.959
189.236,161.966,1.27171,0.15616,-3.52064,-0.102,289.801,185.397,160.99
180.634,162.179,4.05693,-0.210239,1.26602,-0.306,510.398,185.397,160.99
177.014,159.075,2.90569,0.199474,-2.34703,0.255,199.585,180.634,162.179
193.784,155.423,0.0257157,-0.030473,-2.26407,-0.153,466.838,189.236,161.966
173.454,160.335,4.11445,-0.273884,2.24468,-0.306,468.648,177.014,159.075
172.405,155.605,3.40807,0.190964,-1.59256,0.306,548.944,173.454,160.335
199.481,147.884,5.83766,-0.0824475,-1.23005,-0.051,260.79,193.784,155.423
202.426,208.504,0.354102,0.274665,-2.04862,0.306,285.401,202.786,204.626
165.835,156.119,3.82213,-0.125757,0.981062,-0.204,272.774,172.405,155.605
206.297,140.849,5.69153,-0.0684687,-0.658207,3.747e-016,509.395,199.481,147.884
203.682,209.264,4.79876,-0.610789,7.69996,-0.867,107.465,202.426,208.504
160.904,155.052,2.52145,0.214462,-2.4288,0.204,519.874,165.835,156.119
193.681,207.74,2.71775,-0.110212,1.853,-0.204,334.588,196.577,202.323
159.673,155.733,0.895225,-0.667552,7.83962,-0.867,598.065,160.904,155.052
188.315,210.057,1.84718,0.213628,-1.51371,0.204,323.756,193.681,207.74
206.346,211.672,3.09075,-0.215811,7.44063,0.357,251.583,203.682,209.264
214.641,135.581,5.80209,-0.0651459,-0.091419,3.747e-016,201.589,206.297,140.849
209.621,211.992,3.91426,0.313763,2.0111,0.408,115.492,206.346,211.672
155.304,156.536,5.34624,-0.199762,7.11499,0.408,392.607,159.673,155.733
211.573,208.633,5.65597,-0.0614118,4.14305,-0.204,166.339,209.621,211.992
221.283,129.316,5.50841,0.0241258,-0.69579,0.051,610.402,214.641,135.581
150.433,152.645,1.49534,0.0891009,4.73801,0.255,607.703,155.304,156.536
210.509,211.394,3.3219,-0.502143,10.4518,-1.02,272.753,209.621,211.992
227.721,122.401,5.61775,-0.0542213,0.14918,-0.051,315.54,221.283,129.316
144.894,155.223,1.62083,0.288884,1.16923,0.153,254.998,150.433,152.645
140.899,157.924,3.0231,-0.0720343,3.36403,-0.204,489.064,144.894,155.223
233.988,115.554,5.39291,0.0314375,-0.511468,0.051,197.942,227.721,122.401
214.839,209.976,1.83874,-0.0618117,8.54555,0.408,169.939,210.509,211.394
233.544,106.383,4.82266,0.0484706,-0.977553,3.747e-016,406.362,233.988,115.554
235.318,98.9875,5.29832,-0.116749,0.804215,-0.102,392.161,233.544,106.383
241.525,92.9692,5.24052,0.0409363,-0.29157,0.102,313.684,235.318,98.9875
220.236,212.072,4.10793,0.217892,5.04621,0.255,284.18,214.839,209.976
138.112,150.576,3.52081,0.131812,1.17387,0.153,675.004,140.899,157.924
129.075,148.336,3.24841,0.127542,0.0591314,3.747e-016,527.614,138.112,150.576
238.679,115.611,0.736472,-0.242152,2.80868,-0.153,22.8238,233.988,115.554
122.281,145.011,3.77213,-0.0477629,1.25486,-0.102,608.645,129.075,148.336
118.476,145.082,2.04456,0.298851,-2.9157,0.204,65.443,122.281,145.011
247.348,85.8012,5.47747,-0.043743,0.47537,-0.051,116.535,241.525,92.9692
118.158,143.102,5.62999,0.219178,-4.29106,-0.102,105.133,118.476,145.082
112.459,140.737,4.81968,-0.125869,-1.46838,-0.255,310.262,118.158,143.102
106.865,135.296,4.1181,-0.0156145,-1.76993,0.051,651.817,112.459,140.737
222.903,213.637,0.0988447,0.0419431,5.26468,-0.051,231.187,220.236,212.072
97.7938,132.083,3.85014,-0.076297,-0.77038,-0.051,140.444,106.865,135.296
90.3165,125.688,3.94979,-0.0717523,-0.148127,3.747e-016,522.477,97.7938,132.083
82.4514,120.978,3.67112,0.017686,-0.696087,0.051,567.927,90.3165,125.688
224.815,217.188,5.80112,0.405953,-0.0816632,0.255,276.104,222.903,213.637
73.5412,123.168,3.08961,0.0365821,-1.0616,3.747e-016,557.786,82.4514,120.978
224.363,214.936,4.52531,0.569881,-2.25849,0.357,33.4469,222.903,213.637
66.0861,122.501,3.60375,-0.128737,0.826186,-0.102,781.059,73.5412,123.168
254.099,79.099,5.37952,0.0362813,-0.215205,0.051,572.805,247.348,85.8012
78.9848,115.331,4.56402,-0.159023,1.48461,-0.102,401.033,82.4514,120.978
255.557,69.6677,4.96087,0.0473842,-0.65822,3.747e-016,293.049,254.099,79.099
78.4873,109.158,3.83642,0.165071,-1.45298,0.204,572.175,78.9848,115.331
59.8349,116.239,3.65267,0.0264458,-0.13609,0.102,680.06,66.0861,122.501
54.4808,109.417,4.10107,-0.06423,0.825121,-0.051,117.8,59.8349,116.239
259.897,66.6997,0.0883901,-0.220353,2.45632,-0.153,74.6121,255.557,69.6677
261.296,66.6909,1.76827,0.661659,-7.75918,0.867,608.402,259.897,66.6997
61.2263,122.918,2.22834,0.214357,-2.58903,0.204,136.339,66.0861,122.501
49.2671,103.747,3.65032,0.10178,-0.826338,0.102,595.601,54.4808,109.417
59.7095,126.88,3.17379,-0.252016,1.79393,-0.306,543.312,61.2263,122.918
41.4664,100.571,3.80982,-0.0579138,0.423791,-0.102,332.923,49.2671,103.747
262.161,64.2858,3.0557,0.274536,-8.03865,-0.357,112.445,261.296,66.6909
36.3834,101.314,2.33494,0.213289,-2.63605,0.153,135.382,41.4664,100.571
262.969,59.987,1.42915,-0.23709,-3.32788,-0.408,523.744,262.161,64.2858
34.5279,105.161,3.25934,-0.252289,1.7477,-0.306,328.25,36.3834,101.314
264.747,58.3241,5.23859,0.0878307,-5.39887,0.153,528.527,262.969,59.987
261.297,55.8813,5.40297,-0.339953,-0.313964,-0.306,214.055,264.747,58.3241
266.657,60.9493,2.59613,0.0286948,-5.13958,-0.102,192.14,264.747,58.3241
262.185,51.1448,4.25515,0.083288,-2.92571,0.255,499.081,261.297,55.8813
30.5647,104.772,2.08039,0.225631,-2.42458,0.306,595.908,34.5279,105.161
259.617,47.5975,5.33876,-0.310812,1.64121,-0.255,376.573,262.185,51.1448
29.7547,105.931,0.381361,-0.656674,7.74529,-0.867,486.419,30.5647,104.772
136.44,156.736,2.12772,0.314587,-1.22043,0.255,117.745,140.899,157.924
265.596,45.9706,5.19164,0.0758937,-0.827134,0.255,250.188,259.617,47.5975
27.1108,105.544,5.32775,-0.268626,7.97026,0.357,340.622,29.7547,105.931
23.3165,101.892,1.2014,0.166346,4.22656,0.357,315.831,27.1108,105.544
263.095,44.3106,4.5388,0.160938,-1.94341,0.306,169.511,259.617,47.5975
259.547,38.8155,4.9625,-0.152944,0.864576,-0.204,536.782,263.095,44.3106
18.0892,100.354,2.61018,0.0983455,3.51422,3.747e-016,572.001,23.3165,101.892
258.794,33.4575,3.79735,0.1855,-2.28514,0.204,240.684,259.547,38.8155
255.925,31.41,5.15077,-0.291089,2.46612,-0.306,216.663,258.794,33.4575
186.755,214.959,2.81747,-0.190389,2.00665,-0.255,340.574,188.315,210.057
260.554,28.9278,4.71261,0.166857,-1.14265,0.306,395.284,255.925,31.41
229.096,216.416,0.565111,-0.0836756,2.85319,-0.306,225.687,224.815,217.188
261.258,23.0007,5.59555,-0.163386,1.79347,-0.204,411.064,260.554,28.9278
187.317,211.069,0.608867,-0.654706,8.60099,-0.918,17.9613,188.315,210.057
264.417,19.7089,4.41603,0.242346,-2.1912,0.255,524.633,261.258,23.0007
12.6733,101.632,1.88865,0.326714,-0.45238,0.153,542.606,18.0892,100.354
273.957,61.1032,1.30735,-0.142953,-2.92263,-0.153,70.1868,266.657,60.9493
10.2213,104.321,3.30524,-0.166709,3.22822,-0.306,350.086,12.6733,101.632
235.161,94.4014,3.81692,0.228711,-2.74319,0.204,82.0031,235.318,98.9875
6.90238,101.971,2.39401,0.293565,-1.51142,0.306,402.855,10.2213,104.321
262.426,15.9041,5.39544,-0.228059,1.98717,-0.306,30.7607,264.417,19.7089
11.1151,104.744,0.378557,-0.268802,5.83034,3.747e-016,108.455,10.2213,104.321
3.74644,105.009,3.40566,-0.183248,2.28192,-0.306,235.731,6.90238,101.971
181.511,215.824,1.97792,0.206812,-1.64479,0.255,221.026,186.755,214.959
0.401599,104.002,2.03311,0.293726,-2.49357,0.306,400.379,3.74644,105.009
231.866,222.008,0.121027,0.22275,-0.556195,0.204,245.656,229.096,216.416
-0.11244,107.53,3.05309,-0.243099,2.13521,-0.357,388.711,0.401599,104.002
1.06343,101.155,5.92683,0.203695,-3.70896,-0.102,476.227,0.401599,104.002
-0.269338,105.417,5.71133,-0.518666,6.25999,-1.02,172.019,0.401599,104.002
264.24,18.2805,2.72451,-0.641583,7.83841,-0.867,211.765,264.417,19.7089
-4.35195,107.242,2.04468,0.228326,-2.04763,0.306,83.9935,-0.11244,107.53
237.69,223.75,0.944034,-0.111339,1.92779,-0.204,238.923,231.866,222.008
-5.9649,110.817,3.21977,-0.24696,2.30877,-0.306,471.039,-4.35195,107.242
179.532,220.616,2.91832,-0.195489,1.91713,-0.255,130.076,181.511,215.824
174.252,221.107,2.06175,0.202817,-1.70125,0.255,185.489,179.532,220.616
264.911,12.9634,4.18081,0.248483,-2.38535,0.306,442.491,262.426,15.9041
-5.31302,108.305,0.520888,-0.656016,8.11043,-0.867,447.846,-4.35195,107.242
240.801,228.799,0.129272,0.210708,-1.40916,0.204,82.8527,237.69,223.75
-9.33165,110.095,5.0498,-0.19175,7.32076,0.408,434.526,-5.31302,108.305
279.897,67.002,1.29069,-0.199069,-0.850796,-0.051,226.828,273.957,61.1032
261.416,9.98521,4.99309,-0.217142,1.68614,-0.306,437.71,264.911,12.9634
174.275,227.836,2.31621,-0.109686,0.720956,-0.204,269.294,174.252,221.107
-14.7671,107.021,1.2664,0.0940132,4.90684,0.255,451.1,-9.33165,110.095
-17.9784,102.547,2.92799,0.0967096,3.85888,0.051,495.634,-14.7671,107.021
261.865,6.60126,3.50867,0.26701,-2.86673,0.306,224.048,261.416,9.98521
-19.8686,110.313,1.46099,0.290864,1.32708,0.153,508.017,-14.7671,107.021
264.873,6.65085,1.09157,0.180903,-3.88983,-0.102,143.238,261.865,6.60126
167.984,233.431,2.1508,0.0510552,-0.47101,0.102,69.0336,174.275,227.836
-23.5056,113.15,2.94755,-0.0731512,3.53853,-0.204,162.162,-19.8686,110.313
257.044,8.68808,3.88141,-0.186292,0.905192,-0.306,132.486,261.865,6.60126
163.397,241.874,2.19487,-0.0278257,0.142405,-0.051,53.0692,167.984,233.431
-28.0783,111.714,2.16992,0.309649,-0.994002,0.255,185.576,-23.5056,113.15
-30.9814,114.508,3.38026,-0.175295,2.74542,-0.306,418.949,-28.0783,111.714
-34.3631,112.823,2.23479,0.293479,-2.01097,0.306,423.092,-30.9814,114.508
-35.5034,113.837,0.0768575,-0.551826,7.12569,-0.969,611.748,-34.3631,112.823
241.962,229.706,5.08256,-0.630676,8.42052,-0.969,109.64,240.801,228.799
76.2176,105.673,5.21614,-0.247534,2.59234,-0.255,97.3433,78.4873,109.158
269.092,0.837054,0.134956,-0.0877896,-1.75708,-0.204,180.888,264.873,6.65085
276.551,-4.79026,5.97376,-0.0627021,-1.26135,3.747e-016,294.97,269.092,0.837054
135.489,162.705,2.5093,-0.0803582,1.30506,-0.255,15.1642,136.44,156.736
-36.5792,116.54,4.51239,-0.22472,7.26662,0.306,352.871,-35.5034,113.837
-41.3595,119.391,0.267795,0.146018,4.02283,0.306,487.178,-36.5792,116.54
-44.6543,120.841,2.44276,-0.0188803,4.75258,-0.051,522.349,-41.3595,119.391
284.883,72.5891,0.816468,-0.0179282,-1.47998,0.102,114.414,279.897,67.002
282.785,-12.1943,5.65457,-0.044638,-0.908908,3.747e-016,324.083,276.551,-4.79026
293.422,76.7761,0.7514,-0.085595,-0.382581,-0.051,166.667,284.883,72.5891
253.031,2.41272,3.70207,0.0532794,-0.670649,0.153,143.056,257.044,8.68808
-49.1559,119.408,2.0098,0.346685,-0.071594,0.255,328.652,-44.6543,120.841
-52.0411,121.339,3.51076,-0.151567,3.48438,-0.306,430.15,-49.1559,119.408
248.317,-3.11399,4.33583,-0.118041,1.13627,-0.102,378.712,253.031,2.41272
161.28,250.329,1.76119,0.0624721,-0.802447,0.051,136.553,163.397,241.874
164.03,259.783,1.50539,-0.00693479,-0.394758,-0.051,48.0083,161.28,250.329
-50.5872,119.694,0.70504,-0.550849,9.10358,-0.867,613.813,-49.1559,119.408
-53.9921,119.412,2.02552,0.385004,-2.40841,0.357,320.69,-52.0411,121.339
287.789,-20.6819,5.42034,-0.0315284,-0.660768,3.747e-016,255.761,282.785,-12.1943
-53.8766,115.764,5.99902,0.211165,-3.31509,-0.153,330.469,-53.9921,119.412
245.841,-9.53325,3.77642,0.127573,-1.10937,0.153,186.291,248.317,-3.11399
291.678,-29.8303,5.24291,-0.0218404,-0.490257,3.747e-016,451.919,287.789,-20.6819
240.041,-13.3987,4.27935,-0.117078,1.04141,-0.153,134.724,245.841,-9.53325
298.501,-34.1589,5.83951,-0.11267,0.898467,-0.051,136.622,291.678,-29.8303
-53.0551,120.598,5.25621,0.723409,-7.30617,0.867,451.715,-52.0411,121.339
160.987,267.509,2.04741,-0.0974026,0.85851,-0.051,117.557,164.03,259.783
244.424,233.488,3.32978,-0.168981,7.43216,0.408,42.93,241.962,229.706
-54.2664,122.619,2.98824,-0.215512,2.27547,-0.408,344.34,-53.9921,119.412
-59.7994,120.57,2.5091,0.172277,-1.04972,0.255,215.074,-54.2664,122.619
-64.3742,126.428,2.70495,-0.0663878,0.639907,-0.153,447.753,-59.7994,120.57
-57.299,109.349,5.17208,-0.0651647,-1.36585,-0.204,486.552,-53.8766,115.764
-74.1809,127.143,2.88741,0.00604853,0.233158,0.051,415.617,-64.3742,126.428
301.759,80.3049,0.430423,0.0068207,-0.841485,0.051,195.11,293.422,76.7761
239.817,-22.3108,4.37505,0.0352141,0.00827109,0.102,291.541,240.041,-13.3987
306.27,-29.1083,0.265497,-0.0539753,1.05222,0.051,133.706,298.501,-34.1589
105.608,129.969,5.30699,-0.269052,1.74303,-0.153,7.10408,106.865,135.296
312.083,-30.0581,5.43856,0.203968,-1.89577,0.153,130.677,306.27,-29.1083
246.853,238.029,5.04401,0.206343,3.64281,0.306,285.578,244.424,233.488
-67.1115,131.321,1.43243,0.198648,-2.27687,0.153,64.5763,-64.3742,126.428
303.852,-38.0054,5.08793,0.139082,-1.46251,0.153,338.717,298.501,-34.1589
233.913,-30.1521,4.10734,0.0410377,-0.36678,3.747e-016,545.666,239.817,-22.3108
229.315,-38.2829,4.29552,-0.0419147,0.380119,-0.051,471.399,233.913,-30.1521
224.914,-46.5581,4.12264,0.0405855,-0.354032,0.051,268.976,229.315,-38.2829
220.571,-54.8,4.32246,-0.0427336,0.40092,-0.051,512.542,224.914,-46.5581
254.387,239.244,5.77004,0.158486,2.35442,3.747e-016,332.553,246.853,238.029
-84.1519,128.149,2.98937,0.00176328,0.227361,3.747e-016,233.03,-74.1809,127.143
12.8558,104.714,3.95755,-0.151678,6.33765,0.153,3.42737,11.1151,104.744
-94.1499,127.801,3.12086,-0.00312141,0.265994,3.747e-016,279.272,-84.1519,128.149
159.846,273.759,1.15272,0.157729,-1.67472,0.153,73.349,160.987,267.509
223.608,-63.3849,4.9097,-0.0591739,0.960019,3.747e-016,39.5405,220.571,-54.8
110.921,127.069,4.90417,0.121815,-1.14132,0.255,13.6221,105.608,129.969
224.6,-71.1174,4.50568,0.104648,-0.711811,0.102,63.5017,223.608,-63.3849
216.602,-76.4685,3.98091,0.0403466,-0.732656,-0.051,407.565,224.6,-71.1174
208.725,-82.1255,3.94106,-0.0344062,-0.0705802,-0.051,331.388,216.602,-76.4685
263.394,240.716,6.04454,0.131844,1.25266,3.747e-016,194.349,254.387,239.244
310.323,83.9773,0.580901,-0.0711549,0.151969,-0.051,88.0638,301.759,80.3049
-103.803,125.394,3.31487,-0.00972121,0.366714,3.747e-016,416.057,-94.1499,127.801
-112.361,126.825,2.884,0.0785539,-0.715363,0.051,457.729,-103.803,125.394
203.769,-90.6692,4.16272,-0.0386707,0.280055,3.747e-016,344.809,208.725,-82.1255
182.305,173.761,2.69018,0.127293,-2.49561,0.051,13.5552,187.61,171.484
204.157,-100.063,4.64129,-0.0516606,0.765065,3.747e-016,451.556,203.769,-90.6692
236.131,-16.4421,2.94999,0.223207,-2.44598,0.204,75.8653,240.041,-13.3987
-120.11,127.916,3.2938,-0.0875273,0.810481,-0.102,339.634,-112.361,126.825
206.8,-109.505,4.78949,0.0204331,0.232245,0.051,256.185,204.157,-100.063
-128.14,126.598,3.01395,0.0749107,-0.59582,0.102,270.809,-120.11,127.916
-136.642,131.561,2.79358,0.00292032,-0.269173,-0.051,419.547,-128.14,126.598
160.734,277.972,2.44984,-0.251341,2.39682,-0.255,235.228,159.846,273.759
207.807,-119.491,4.77936,0.0186246,0.0721586,3.747e-016,212.974,206.8,-109.505
312.686,-36.8575,5.56156,-0.104152,0.467891,-0.204,223.581,312.083,-30.0581
-144.773,137.294,2.59909,0.00955831,-0.368544,3.747e-016,227.834,-136.642,131.561
207.446,-129.496,4.68104,0.0201586,-0.109056,3.747e-016,332.623,207.807,-119.491
-150.421,145.293,2.28971,0.0195961,-0.564146,3.747e-016,118.893,-144.773,137.294
-150.711,136.09,3.76332,-0.175882,1.98061,-0.102,266.024,-144.773,137.294
204.433,-138.925,4.45515,0.0260877,-0.352543,3.747e-016,353.272,207.446,-129.496
-133.211,123.988,4.24866,-0.189708,2.24105,-0.153,271.7,-128.14,126.598
204.125,-147.947,4.76824,-0.0597286,0.557945,-0.051,320.572,204.433,-138.925
200.83,-152.186,3.39239,0.208209,-2.44976,0.153,230.262,204.125,-147.947
-134.021,118.51,3.55059,0.202689,-1.36361,0.255,632.991,-133.211,123.988
-137.963,115.85,4.69849,-0.206118,2.30641,-0.255,536.723,-134.021,118.51
-135.411,110.63,4.16686,0.182438,-1.11052,0.255,384.158,-137.963,115.85
154.57,277.066,2.3207,0.128509,-0.523422,0.255,129.071,160.734,277.972
272.333,237.897,5.82219,0.125783,0.157501,3.747e-016,131.484,263.394,240.716
-150.853,154.641,1.77763,0.035809,-0.916736,3.747e-016,94.4977,-150.421,145.293
196.829,-152.436,4.47099,-0.26184,2.02809,-0.306,251.227,200.83,-152.186
317.94,-42.8231,5.19229,0.0632104,-0.846256,0.102,200.839,312.686,-36.8575
203.273,-150.995,0.956582,0.201012,-4.01701,-0.051,204.041,200.83,-152.186
-141.499,106.07,4.24578,-0.0532205,0.456099,-0.153,399.466,-135.411,110.63
80.1418,102.968,4.52506,0.214058,-1.44343,0.306,56.0674,76.2176,105.673
159.681,278.968,4.52203,0.590575,-7.10033,0.969,115.386,160.734,277.972
-61.2185,134.992,1.3561,-0.10208,0.0523096,-0.204,128.8,-67.1115,131.321
-145.055,97.129,4.20897,0.0256315,-0.137902,0.051,364.057,-141.499,106.07
-149.578,164.319,1.65551,-0.0355303,-0.252494,-0.051,243.14,-150.853,154.641
-145.957,88.5213,4.66252,-0.0651415,0.831569,-0.051,364.211,-145.055,97.129
-60.6912,144.723,1.44027,-0.0223514,-0.120549,0.051,26.1758,-61.2185,134.992
148.896,280.075,3.1878,-0.128951,1.76076,-0.153,112.304,154.57,277.066
-60.32,154.724,1.53658,-0.0234181,0.0883392,3.747e-016,57.8437,-60.6912,144.723
-147.278,80.9043,4.22292,0.100571,-0.808549,0.102,289.678,-145.957,88.5213
277.588,239.75,0.861921,-0.147188,2.6373,-0.153,265.593,272.333,237.897
303.199,84.7445,2.03472,-0.263491,2.65989,-0.153,18.6885,301.759,80.3049
-156.552,78.473,3.66803,0.0377765,-0.810149,-0.051,333.44,-147.278,80.9043
58.3116,127.314,4.72647,0.634225,-8.16289,0.867,71.7201,59.7095,126.88
-146.444,76.7441,5.82593,-0.247349,2.90914,-0.204,35.5876,-147.278,80.9043
-151.352,174.133,1.76975,-0.0358376,0.0641608,3.747e-016,230.18,-149.578,164.319
199.194,-158.112,4.1914,0.124146,-0.86654,0.255,273.832,196.829,-152.436
192.608,-163.992,4.15231,-0.0308972,0.134704,-0.102,232.561,199.194,-158.112
322.317,-49.1715,5.63748,-0.102495,0.810824,-0.102,70.8017,317.94,-42.8231
191.017,-173.596,4.47783,-0.0392447,0.499689,3.747e-016,215.94,192.608,-163.992
-165.936,75.929,3.59866,-0.0356515,-0.140098,-0.051,475.022,-156.552,78.473
-173.814,69.9125,3.78559,-0.038543,0.206288,3.747e-016,362.455,-165.936,75.929
-182.16,66.3806,3.4757,0.0484816,-0.607761,0.051,69.1095,-173.814,69.9125
-184.607,61.7767,4.90674,-0.220192,2.50744,-0.153,153.95,-182.16,66.3806
197.638,-97.4975,3.90087,0.0466554,-0.514035,0.051,129.022,203.769,-90.6692
-182.7,57.9743,3.95506,0.246994,-1.83256,0.306,508.03,-184.607,61.7767
-156.657,182.295,2.08853,-0.0434196,0.464212,3.747e-016,201.374,-151.352,174.133
329.575,-53.4235,5.47363,0.0574285,-0.43554,0.102,192.515,322.317,-49.1715
188.878,-182.823,4.36054,0.0409911,-0.232899,0.051,113.254,191.017,-173.596
-161.454,190.491,1.98095,0.0369133,-0.232636,0.051,229.753,-156.657,182.295
-188.115,55.5705,4.47059,-0.145323,1.26331,-0.255,75.4259,-182.7,57.9743
145.106,280.933,1.7244,0.282653,-2.5938,0.255,211.412,148.896,280.075
205.805,135.176,4.3296,0.130211,-2.63416,0.102,20.6606,206.297,140.849
-143.152,76.5057,4.71086,0.28762,-2.1127,0.357,117.242,-146.444,76.7441
-188.007,48.2513,4.20217,0.0930213,-0.660905,0.153,75.9056,-188.115,55.5705
-55.7582,158.515,0.301253,0.166007,-2.18264,0.102,19.7962,-60.32,154.724
167.113,154.528,1.32446,-0.458058,6.33928,-0.153,2.12549,165.835,156.119
-196.86,44.1031,3.79996,0.0255877,-0.54449,-0.051,569.134,-188.007,48.2513
-166.908,197.737,2.28666,-0.0497893,0.592214,-0.051,89.1257,-161.454,190.491
335.454,-61.0789,5.49095,-0.0211758,0.118607,-0.051,207.652,329.575,-53.4235
338.22,-69.1283,4.99057,0.0707929,-0.903414,0.051,312.749,335.454,-61.0789
289.088,-36.6574,4.35927,0.083856,-1.65863,0.051,20.4871,291.678,-29.8303
190.801,-188.959,5.36793,-0.142238,1.81437,-0.102,64.3053,188.878,-182.823
195.486,-193.104,4.71917,0.177382,-1.2224,0.204,247.467,190.801,-188.959
279.526,244.612,0.0865955,0.243321,-1.32359,0.255,260.502,277.588,239.75
196.995,-196.895,6.14902,-0.238194,2.74644,-0.255,151.322,195.486,-193.104
284.914,244.987,0.948742,-0.160202,1.92808,-0.255,210.222,279.526,244.612
-188.357,42.1846,5.25591,-0.167198,1.9673,-0.153,174.278,-188.007,48.2513
-174.455,203.823,2.31009,0.0265516,-0.00420094,0.051,170.683,-166.908,197.737
-54.6176,159.283,5.32289,-0.69786,8.33681,-0.918,71.6145,-55.7582,158.515
147.732,285.476,2.1475,-0.173921,1.07492,-0.306,206.771,145.106,280.933
-182.418,206.594,2.84181,-0.0671043,0.989121,-0.051,189.599,-174.455,203.823
195.182,-196.888,2.72642,-0.242836,4.70938,0.051,157.781,196.995,-196.895
-203.802,37.9255,3.99449,-0.0559502,0.322968,-0.051,402.118,-196.86,44.1031
287.836,248.631,6.10911,0.243192,-2.05911,0.255,170.573,284.914,244.987
201.416,-195.124,5.48252,0.221623,-1.3529,0.306,162.52,196.995,-196.895
318.41,89.0509,0.489036,0.0115632,-0.326746,0.051,37.9992,310.323,83.9773
216.51,-81.6937,5.39555,-0.226894,2.43856,-0.153,10.2976,216.602,-76.4685
181.37,-188.518,3.89408,0.0533017,-0.730832,3.747e-016,255.107,188.878,-182.823
172.436,-192.552,3.75501,-0.0192913,-0.206947,-0.051,261.815,181.37,-188.518
164.649,-191.82,3.03235,0.080398,-1.33119,0.051,196.663,172.436,-192.552
-191.496,202.933,3.25259,-0.00272797,0.678059,0.051,29.943,-182.418,206.594
-210.24,35.6685,3.16013,0.122747,-1.54209,0.102,107.883,-203.802,37.9255
-213.501,34.2991,4.80783,-0.29437,2.92809,-0.255,300.935,-210.24,35.6685
204.011,-201.259,5.812,-0.0954355,0.953156,-0.204,307.406,201.416,-195.124
158.073,-191.657,3.75862,-0.167055,1.26735,-0.153,335.015,164.649,-191.82
-197.13,205.82,2.2325,0.176892,-1.66688,0.102,252.213,-191.496,202.933
212.114,-203.737,5.68412,0.0624674,-0.333122,0.102,144.746,204.011,-201.259
-211.116,31.2187,4.05956,0.234025,-1.60318,0.357,260.669,-213.501,34.2991
-215.123,27.3516,4.81783,-0.165047,1.68195,-0.255,525.368,-211.116,31.2187
-187.081,210.438,1.79616,0.190089,-1.83459,0.153,257.012,-182.418,206.594
-214.867,35.8973,1.19562,-0.214225,4.25869,0.102,134.004,-213.501,34.2991
154.055,-198.083,3.66042,0.0676481,-0.424602,0.153,240.296,158.073,-191.657
305.613,75.8391,5.38067,0.125371,-2.40513,0.051,12.3502,301.759,80.3049
245.884,-5.02784,2.39816,0.308279,-3.47685,0.255,23.5623,248.317,-3.11399
155.176,247.157,2.5015,-0.0358245,0.476443,3.747e-016,73.232,163.397,241.874
-200.446,209.1,3.38793,-0.229455,2.20481,-0.255,270.967,-197.13,205.82
-212.933,21.3245,4.26091,0.153834,-1.14483,0.204,502.336,-215.123,27.3516
291.828,247.454,0.884027,-0.229752,2.13953,-0.306,171.36,287.836,248.631
336.68,-60.3137,5.23558,-0.775413,10.2669,-0.459,2.36845,335.454,-61.0789
149.598,-203.718,4.33962,-0.106802,1.29019,-0.102,87.5582,154.055,-198.083
147.378,-210.23,3.79107,0.137242,-1.03738,0.153,325.841,149.598,-203.718
58.0284,129.79,5.97319,0.251231,-8.24284,-0.357,104.567,58.3116,127.314
207.981,217.022,5.16636,0.152689,4.14215,0.306,4.09483,206.346,211.672
138.28,-210.969,3.54195,-0.0117639,-0.21858,-0.102,276.647,147.378,-210.23
232.243,-11.7799,3.26357,-0.159853,0.758997,-0.255,32.0727,236.131,-16.4421
-215.659,26.0296,5.9808,0.672959,-8.53675,0.969,50.3575,-215.123,27.3516
199.996,132.025,4.55408,-0.173602,0.334624,-0.204,43.4697,205.805,135.176
-217.525,15.6362,4.53876,-0.0857401,0.717794,-0.153,441.89,-212.933,21.3245
-219.44,7.90009,4.18609,0.0790828,-0.730698,0.102,347.411,-217.525,15.6362
286.723,248.532,2.90926,0.331678,-5.18461,3.747e-016,49.0617,287.836,248.631
131.186,-208.255,2.75355,0.0894689,-1.42632,0.051,20.7078,138.28,-210.969
292.947,248.337,2.46451,0.654144,-8.00301,0.867,24.1392,291.828,247.454
126.253,-208.232,4.05249,-0.24686,2.26173,-0.204,362.446,131.186,-208.255
141.97,290.24,1.9803,0.0639175,-0.591051,0.153,91.6885,147.732,285.476
320.331,94.7766,1.66435,-0.174482,2.01141,-0.102,55.6115,318.41,89.0509
127.856,-206.728,0.387826,-0.241956,4.19524,0.051,52.3263,126.253,-208.232
-204.644,204.817,2.97121,0.157712,-0.98994,0.255,136.863,-200.446,209.1
-222.666,0.734992,4.58204,-0.0865647,0.785675,-0.102,278.332,-219.44,7.90009
-217.597,-7.60656,5.01382,-0.0208703,0.631607,0.051,186.016,-222.666,0.734992
140.887,299.986,1.84815,-0.0100492,-0.145549,-0.051,130.663,141.97,290.24
134.089,-217.59,4.23378,-0.107057,1.13078,-0.051,102.693,138.28,-210.969
-225.808,-4.51732,3.55757,0.171949,-1.88071,0.153,250.176,-222.666,0.734992
294.017,253.095,4.88825,0.111052,-6.16844,-0.459,147.87,292.947,248.337
-203.12,208.29,1.70519,0.321402,-3.14944,0.357,130.695,-200.446,209.1
-201.888,211.021,2.69481,-0.273339,2.04048,-0.408,215.845,-203.12,208.29
-157.626,195.477,0.806433,0.146737,-1.96488,0.051,9.66019,-161.454,190.491
-219.616,38.2473,1.28506,0.218555,0.242352,0.306,48.7223,-214.867,35.8973
-215.142,-16.595,4.83831,0.059489,-0.264383,0.051,162.721,-217.597,-7.60656
298.599,254.351,2.31196,-0.0243735,-5.07969,-0.153,141.306,294.017,253.095
124.476,-212.302,3.15117,0.221484,-1.85395,0.306,378.369,126.253,-208.232
320.344,97.9615,0.0573144,0.309183,-2.91524,0.306,167.188,320.331,94.7766
-206.429,211.955,1.85758,0.195697,-1.84746,0.306,248.744,-201.888,211.021
-207.476,217.076,2.75616,-0.204036,1.78477,-0.255,128.183,-206.429,211.955
133.409,-226.433,4.30883,0.0449026,0.01289,0.102,199.371,134.089,-217.59
226.095,129.569,0.791556,-0.246581,2.65707,-0.153,35.1042,221.283,129.316
-220.391,-23.8176,4.20836,0.0756758,-0.968391,3.747e-016,232.628,-215.142,-16.595
219.712,-209.635,5.72773,-0.0176088,0.192911,-0.051,265.92,212.114,-203.737
146.078,246.281,3.08339,-0.0528078,0.980652,3.747e-016,49.557,155.176,247.157
229.319,-211.84,5.9874,-0.0250152,0.430303,3.747e-016,300.24,219.712,-209.635
334.755,-78.3031,4.60588,0.00509503,-0.610226,-0.051,58.067,338.22,-69.1283
-224.641,-30.7508,4.4794,-0.0851936,0.525116,-0.102,391.325,-220.391,-23.8176
-227.921,-37.6866,3.99989,0.0840567,-0.977242,0.102,224.737,-224.641,-30.7508
237.478,-215.92,5.7156,0.0592157,-0.472064,0.051,287.597,229.319,-211.84
186.652,-165.436,3.00434,0.156232,-2.04484,0.102,35.1345,192.608,-163.992
-237.561,-37.9875,3.46534,0.0222908,-0.844617,-0.051,93.3427,-227.921,-37.6866
-242.874,-42.402,4.22811,-0.150304,1.24988,-0.102,362.822,-237.561,-37.9875
118.997,-210.98,3.84844,-0.174228,1.50543,-0.255,199.854,124.476,-212.302
-239.422,-50.999,4.7135,-0.00826791,0.623556,0.102,303.652,-242.874,-42.402
-240.708,-59.9639,4.43521,0.0744157,-0.409338,0.051,188.796,-239.422,-50.999
244.765,-222.324,5.69577,-0.0182547,0.053749,-0.051,189.292,237.478,-215.92
134.705,304.642,2.57328,-0.106711,1.20386,-0.051,48.4881,140.887,299.986
190.164,-103.511,3.9516,-0.0319951,0.135625,-0.051,33.9037,197.638,-97.4975
60.8891,134.281,3.78353,-0.180803,-4.37611,-0.357,67.4987,58.0284,129.79
-245.471,-68.5097,4.33764,-0.00189784,-0.0303916,-0.051,404.256,-240.708,-59.9639
254.026,-225.974,5.8716,-0.0225973,0.262854,3.747e-016,40.4107,244.765,-222.324
115.077,-212.983,2.57159,0.235899,-2.43145,0.255,107.635,118.997,-210.98
-212.548,218.608,1.88213,0.195753,-1.77415,0.255,174.906,-207.476,217.076
-249.243,-77.8246,4.33295,-0.00152868,-0.0177541,3.747e-016,260.303,-245.471,-68.5097
-252.985,-87.1519,4.33346,-0.00138473,-0.0058734,3.747e-016,329.746,-249.243,-77.8246
335.41,-87.2457,4.91725,-0.0784307,0.459985,-0.051,49.4373,334.755,-78.3031
169.946,263.706,0.567182,0.0991234,-1.69858,0.051,19.7099,164.03,259.783
-256.636,-96.5154,4.34045,-0.00148719,0.00747123,3.747e-016,219.409,-252.985,-87.1519
-213.941,223.559,2.82616,-0.205506,1.87437,-0.255,315.023,-212.548,218.608
-260.099,-105.949,4.35675,-0.0019115,0.025289,3.747e-016,233.361,-256.636,-96.5154
323.777,95.7575,0.701607,-0.217504,1.46544,-0.357,169.041,320.344,97.9615
281.471,-41.4901,4.12778,-0.0601112,-0.42454,-0.102,16.13,289.088,-36.6574
-254.156,-103.768,5.09685,-0.100173,1.30382,-0.051,99.59,-256.636,-96.5154
299.512,258.47,2.87107,-0.389609,0.124356,-0.255,110.742,298.599,254.351
147.614,147.564,3.08729,0.0948003,3.70008,0.051,24.833,150.433,152.645
260.559,-231.875,5.47425,0.0658509,-0.707597,0.051,10.2122,254.026,-225.974
112.211,-209.596,3.45097,-0.230585,1.76129,-0.306,47.7044,115.077,-212.983
247.283,239.372,4.2123,-0.459856,10.4586,-0.357,30.4836,246.853,238.029
132.01,308.822,1.26664,0.231701,-2.3546,0.204,196.343,134.705,304.642
-266.728,-110.106,3.64757,0.0954518,-1.22643,0.051,222.079,-260.099,-105.949
-219.296,224.39,2.01945,0.192186,-1.64846,0.255,129.667,-213.941,223.559
314.576,-32.408,0.613106,-0.277836,2.74846,-0.306,2.91475,312.083,-30.0581
-217.09,224.927,1.37002,0.276511,-2.75853,0.306,190.793,-213.941,223.559
-219.678,231.009,2.38889,-0.123135,0.898906,-0.204,247.704,-219.296,224.39
107.369,-212.553,2.76533,0.165695,-1.52365,0.255,117.683,112.211,-209.596
-227.783,234.564,2.44075,0.03135,-0.105074,0.102,280.64,-219.678,231.009
-247.302,-109.509,5.22877,0.049046,0.155544,0.102,58.5722,-254.156,-103.768
197.668,125.694,3.91518,0.0806668,-1.51587,0.153,56.751,199.996,132.025
-144.94,71.92,5.39467,-0.177933,1.61019,-0.306,37.4354,-143.152,76.5057
-221.786,42.7803,2.64365,-0.133443,2.96105,-0.204,181.693,-219.616,38.2473
318.934,99.0136,3.56312,0.231229,-4.40082,-0.102,35.3227,320.344,97.9615
215.234,178.504,5.95227,-0.0548919,0.0447471,0.102,29.8325,206.252,179.658
263.866,-241.146,5.25277,-0.00513794,-0.312162,-0.051,259.233,260.559,-231.875
-272.35,-113.716,4.32411,-0.151859,1.23754,-0.153,132.225,-266.728,-110.106
-52.2265,163.384,3.42382,-0.165173,7.0055,0.459,48.8905,-54.6176,159.283
-273.154,-121.045,4.08979,0.0859873,-0.623421,0.153,381.613,-272.35,-113.716
327.843,98.9141,6.01075,0.186941,-2.02525,0.255,144.661,323.777,95.7575
270.894,-245.356,5.83356,-0.0971779,0.942693,-0.051,42.4573,263.866,-241.146
-210.268,204.21,4.0207,-0.177272,2.07941,-0.204,105.131,-204.644,204.817
101.877,-209.456,3.41705,-0.156502,1.33399,-0.204,189.084,107.369,-212.553
-245.213,-119.04,4.94786,0.0538721,-0.33039,3.747e-016,266.418,-247.302,-109.509
-236.074,237.305,2.87094,-0.0591976,0.811469,-0.051,138.417,-227.783,234.564
-239.944,241.488,1.65169,0.203218,-2.13985,0.153,255.666,-236.074,237.305
-276.828,-127.965,4.50059,-0.0809179,0.845955,-0.102,317.946,-273.154,-121.045
-240.544,-123.971,5.79357,-0.125006,1.55501,-0.102,94.0424,-245.213,-119.04
132.288,310.292,5.40704,-0.57572,6.9066,-1.02,123.236,132.01,308.822
298.716,259.934,4.73402,0.46545,-8.17875,0.969,159.588,299.512,258.47
340.259,-95.7883,5.07825,-0.00395069,0.136775,0.051,71.659,335.41,-87.2457
-171.168,78.5391,2.31259,0.156865,-2.33737,0.102,4.6753,-165.936,75.929
301.511,260.023,3.18775,-0.22154,-2.77196,-0.561,171.772,298.716,259.934
-278.588,-135.832,4.19219,0.0818287,-0.622089,0.102,236.21,-276.828,-127.965
332.644,96.7439,0.585042,-0.210391,1.6582,-0.255,36.7658,327.843,98.9141
-139.638,68.1856,4.89156,0.140463,-1.09723,0.204,19.4656,-144.94,71.92
126.516,-233.221,3.96897,0.052275,-0.464756,3.747e-016,93.4753,133.409,-226.433
119.413,-239.706,4.00759,-0.0265409,0.137182,-0.051,244.881,126.516,-233.221
-51.1536,169.405,5.51983,0.131193,4.23934,0.255,120.537,-52.2265,163.384
302.055,261.089,3.65688,0.551556,-10.9459,0.459,64.0311,301.511,260.023
-238.547,246.951,2.30975,-0.189262,1.34593,-0.255,68.5654,-239.944,241.488
-281.304,-143.092,4.63601,-0.085803,0.892033,-0.102,127.068,-278.588,-135.832
-246.233,248.763,2.43268,0.0400736,-0.0904647,0.153,298.733,-238.547,246.951
-233.306,-125.109,5.55331,0.110205,-0.514046,0.153,138.719,-240.544,-123.971
130.655,310.962,0.318405,0.171633,1.7073,0.612,181.485,132.288,310.292
-275.137,-150.574,5.12973,-0.0223969,0.756621,0.051,204.321,-281.304,-143.092
305.49,264.729,5.08003,0.0474039,-8.60822,-0.459,202.093,302.055,261.089
-275.195,-157.366,4.31179,0.152161,-1.35868,0.102,78.4109,-275.137,-150.574
-280.385,-162.764,4.467,-0.0829557,0.469428,-0.153,375.16,-275.195,-157.366
-227.093,42.9407,1.9658,0.25236,-1.06995,0.255,139.42,-221.786,42.7803
-47.4662,176.189,0.187539,0.15538,2.62523,0.051,53.7646,-51.1536,169.405
-250.198,257.545,2.06427,0.0489788,-0.542538,3.747e-016,254.52,-246.233,248.763
-253.661,266.548,2.07881,-0.028629,0.0750718,-0.051,172.918,-250.198,257.545
-284.045,-169.362,3.93474,0.0879225,-1.07071,0.102,202.318,-280.385,-162.764
-275.045,-116.185,2.70849,0.267246,-2.99639,0.255,186.364,-272.35,-113.716
-260.921,273.171,2.34867,-0.0352292,0.40068,3.747e-016,166.031,-253.661,266.548
-287.494,-174.795,4.76806,-0.164063,1.51149,-0.153,112.076,-284.045,-169.362
-283.063,-181.17,4.80154,0.0657273,-0.152567,0.153,227.646,-287.494,-174.795
304.306,250.773,0.740582,-0.109483,-3.54253,-0.102,82.7671,298.599,254.351
345.263,-104.46,5.19619,-0.00774481,0.213687,3.747e-016,153.099,340.259,-95.7883
336.889,99.8381,5.96041,0.19109,-1.86298,0.255,65.86,332.644,96.7439
-270.13,274.348,2.87758,-0.0503828,0.879346,3.747e-016,240.109,-260.921,273.171
275.849,-249.456,4.9905,0.156128,-1.57233,0.153,180.423,270.894,-245.356
-229.595,47.5622,2.91754,-0.15511,2.14498,-0.255,104.227,-227.093,42.9407
193.01,187.868,2.85728,0.0330782,-2.63722,3.747e-016,3.32732,197.806,183.48
95.8945,-214.008,3.27968,0.0784511,-0.453963,0.153,182.469,101.877,-209.456
-276.437,-111.039,2.99899,-0.183412,0.744481,-0.306,128.32,-275.045,-116.185
138.471,247.462,2.64325,0.111616,-0.754023,0.102,11.9683,146.078,246.281
182.269,-107.401,3.5459,0.0577483,-0.766313,0.051,122.844,190.164,-103.511
86.2119,-212.365,3.12237,0.00383771,-0.129453,-0.051,124.481,95.8945,-214.008
352.194,-105.87,6.13263,-0.112181,1.62898,-0.051,130.458,345.263,-104.46
-279.818,272.687,3.08877,0.0193302,0.361655,0.051,25.1295,-270.13,274.348
-289.794,271.726,3.16981,0.0143818,0.246118,3.747e-016,76.5118,-279.818,272.687
273.823,-256.911,4.97968,-0.073614,0.161289,-0.153,215.157,275.849,-249.456
-299.762,270.54,3.21544,0.0112236,0.154352,3.747e-016,90.8319,-289.794,271.726
-235.937,45.7387,2.57611,0.155338,-0.67669,0.204,120.044,-229.595,47.5622
116.099,-248.924,4.30091,-0.0342012,0.456138,3.747e-016,53.3467,119.413,-239.706
199.282,-90.7445,2.44827,0.238857,-3.01974,0.153,0.912478,203.769,-90.6692
-306.243,274.743,2.48683,0.107885,-1.20541,0.051,150.34,-299.762,270.54
-311.11,275.892,3.78347,-0.230309,2.34025,-0.204,65.0132,-306.243,274.743
-288.294,-188.458,4.1946,0.0804289,-0.895102,3.747e-016,322.833,-283.063,-181.17
-277.482,-139.235,6.05677,-0.273076,3.33851,-0.204,18.2948,-278.588,-135.832
-226.968,-130.202,5.84638,-0.0551052,0.723953,-0.102,55.0023,-233.306,-125.109
-289.184,-194.539,5.19705,-0.176667,1.80981,-0.153,220.002,-288.294,-188.458
130.624,167.096,1.76616,0.167679,-1.3003,0.153,29.2803,135.489,162.705
338.285,99.9307,4.69626,-0.675011,8.44294,-0.918,46.4411,336.889,99.8381
-262.201,279.599,1.40348,0.145189,-1.6663,0.102,209.351,-260.921,273.171
-242.014,48.9738,3.13908,-0.0943473,1.28447,-0.153,231.232,-235.937,45.7387
76.3395,-210.678,3.00997,0.00744554,-0.203303,3.747e-016,79.8853,86.2119,-212.365
226.661,-74.753,6.13833,-0.244718,2.98576,-0.204,26.8698,224.6,-71.1174
-139.183,61.0904,5.30274,-0.102349,0.919339,-0.153,152.738,-139.638,68.1856
72.5471,-204.666,2.08248,0.111595,-1.61278,0.051,113.971,76.3395,-210.678
-257.218,285.435,1.41749,-0.0842612,0.160731,-0.153,93.9286,-262.201,279.599
276.434,-266.138,4.91282,0.00847436,-0.288759,0.051,152.911,273.823,-256.911
281.305,-273.108,5.40307,-0.0817847,0.826311,-0.051,160.485,276.434,-266.138
305.799,267.803,4.20549,-0.40453,-2.70857,-0.357,94.6059,305.49,264.729
-281.248,-196.281,5.51684,0.0444641,0.352878,0.153,146.97,-289.184,-194.539
-287.119,-198.914,4.12934,0.226722,-2.03135,0.255,160.42,-289.184,-194.539
70.9582,-197.626,2.38958,-0.12453,0.584862,-0.153,97.1908,72.5471,-204.666
202.827,-81.6326,2.68959,0.156755,-2.26383,0.102,33.2708,208.725,-82.1255
217.172,207.681,2.78362,0.389424,2.7819,0.357,8.92038,214.839,209.976
307.186,265.661,0.0720834,-0.509959,2.21673,-0.051,56.9055,305.799,267.803
129.53,314.781,2.26675,-0.128132,4.07836,-0.153,230.568,130.655,310.962
111.76,-257.189,4.11676,0.0478816,-0.341405,0.051,200.453,116.099,-248.924
227.083,-10.2031,2.08497,0.179781,-2.34271,0.204,27.2647,232.243,-11.7799
-217.208,-131.159,5.99503,0.0173377,0.217636,0.051,84.4559,-226.968,-130.202
-310.25,276.355,0.782926,-0.323007,5.39889,3.747e-016,201.792,-311.11,275.892
106.91,-265.27,4.26811,-0.0344847,0.338643,-0.051,37.6788,111.76,-257.189
-151.944,198.444,1.32575,-0.168923,0.988378,-0.204,66.6422,-157.626,195.477
220.935,-215.482,4.51402,0.170436,-2.11404,0.102,70.3111,219.712,-209.635
287.403,-269.79,0.284613,-0.114595,1.91126,3.747e-016,28.6415,281.305,-273.108
-233.686,-53.5037,5.91545,-0.12211,2.14776,-0.051,1.57244,-239.422,-50.999
343.054,101.051,2.69102,-0.141657,6.89964,0.459,76.6653,338.285,99.9307
-253.132,291.245,0.698881,0.0933449,-1.44242,0.102,120.704,-257.218,285.435
305.291,268.547,4.78445,0.457152,-10.8541,0.969,112.496,305.799,267.803
-150.28,127.877,4.18532,0.0415982,0.557116,0.153,3.8413,-150.711,136.09
-232.408,-4.45426,3.93616,-0.141549,0.825607,-0.204,14.744,-225.808,-4.51732
61.5468,-198.464,2.98741,-0.0607212,0.786496,0.051,70.0516,70.9582,-197.626
132.183,248.85,3.49452,-0.143505,1.65352,-0.153,67.4642,138.471,247.462
227.988,-74.7321,2.17457,0.595603,-6.57391,0.969,14.8785,226.661,-74.753
-227.238,241.21,1.39071,0.137328,-1.74563,0.051,1.33664,-227.783,234.564
286.328,-279.399,5.08887,0.0812588,-0.637373,0.102,121.932,281.305,-273.108
-274.693,-203.762,5.39743,0.0440071,-0.0340633,3.747e-016,78.1349,-281.248,-196.281
-283.694,-110.979,2.69557,0.0601855,-0.901331,0.153,218.186,-276.437,-111.039
-133.118,55.0594,5.20681,0.0551569,-0.301532,0.102,82.1103,-139.183,61.0904
-290.98,-108.389,3.12911,-0.104787,0.774327,-0.102,159.158,-283.694,-110.979
-128.384,46.8357,5.32722,-0.0268796,0.310702,-0.051,132.765,-133.118,55.0594
-123.429,130.101,1.59176,0.262409,-3.04488,0.204,7.14503,-120.11,127.916
-250.071,45.3306,3.21362,0.0562823,0.0691628,0.102,195.902,-242.014,48.9738
301.985,272.303,0.0806115,0.0186935,-8.56598,-0.408,26.6805,305.291,268.547
-287.842,-189.648,3.7139,-0.71534,9.56753,-1.02,3.42333,-288.294,-188.458
305.525,270.475,5.71592,0.102454,-9.66421,-0.357,201.405,305.291,268.547
-261.984,-97.5064,2.88401,0.19343,-2.51788,0.102,22.1659,-256.636,-96.5154
-43.7279,184.175,0.659003,0.122032,1.62523,3.747e-016,98.8214,-47.4662,176.189
-313.885,272.667,2.805,0.238806,-1.93095,0.306,145.661,-311.11,275.892
-289.09,-195.983,0.217858,0.661801,-8.31208,0.969,139.932,-289.184,-194.539
127.642,315.451,0.392561,0.473076,-2.90874,0.408,101.144,129.53,314.781
125.285,317.789,4.08871,0.229302,-3.63624,-0.204,180.259,127.642,315.451
347.606,99.5601,3.86706,0.248269,2.70758,0.306,115.633,343.054,101.051
-125.188,38.4446,4.99357,0.0597533,-0.601857,0.051,91.3941,-128.384,46.8357
317.548,104.243,3.2562,-0.196274,-0.593369,-0.306,31.011,318.934,99.0136
173.922,256.692,5.73575,0.0563149,-1.90902,-0.051,12.7821,169.946,263.706
290.969,-282.971,6.24827,-0.181403,2.12177,-0.153,34.8593,286.328,-279.399
-212.63,-137.328,5.25942,0.113599,-1.19161,0.051,40.4262,-217.208,-131.159
-312.352,275.194,5.47065,0.65255,-7.79097,0.867,64.922,-311.11,275.892
309.8,269.026,6.20943,0.0789517,-1.225,0.408,64.5002,307.186,265.661
123.19,324.752,2.91993,-0.0372287,-1.95561,-0.204,109.765,125.285,317.789
304.562,277.332,3.70324,-0.174601,-5.8298,-0.204,87.5053,301.985,272.303
125.071,329.297,1.22077,0.0991629,-3.32863,0.051,4.99416,123.19,324.752
264.589,22.08,1.88067,0.235071,-4.05862,-0.051,15.9738,264.417,19.7089
-299.35,-109.158,2.95976,0.0555737,-0.456655,0.102,138.948,-290.98,-108.389
-125.095,28.6592,4.88679,-0.0146753,-0.114511,-0.051,25.3857,-125.188,38.4446
359.138,-99.7857,0.284367,0.0277093,0.690011,0.102,96.0059,352.194,-105.87
285.167,-289.17,4.79281,0.0112917,-0.38914,-0.051,104.762,286.328,-279.399
52.1131,-201.273,3.21948,0.00934577,0.356047,0.051,132.704,61.5468,-198.464
288.49,-297.265,5.1972,-0.0762068,0.670477,-0.051,42.1159,285.167,-289.17
-208.495,-140.297,0.240833,-0.223991,2.29683,-0.204,99.1913,-212.63,-137.328
323.362,-53.333,4.0507,0.245072,-2.88595,0.204,14.8087,322.317,-49.1715
-128.85,21.7243,4.18733,0.0836971,-1.26486,0.051,11.6082,-125.095,28.6592
306.711,69.4767,5.7867,-0.184152,0.669481,-0.204,45.9817,305.613,75.8391
-292.007,-202.13,4.67552,-0.164488,1.23209,-0.255,224.832,-287.119,-198.914
126.964,331.891,2.58337,-0.368686,2.09422,-0.306,96.9934,125.071,329.297
-250.636,295.614,1.95788,-0.242025,2.20075,-0.204,19.0165,-253.132,291.245
-44.744,191.47,1.49037,0.00755954,2.00738,-0.051,54.1005,-43.7279,184.175
122.803,332.558,1.88432,0.165909,-1.84231,0.357,49.4481,126.964,331.891
42.6087,-204.333,3.37434,0.00282056,0.346025,3.747e-016,149.918,52.1131,-201.273
-128.931,17.1527,5.6324,-0.25703,2.52278,-0.204,85.5625,-128.85,21.7243
-252.981,299.218,0.981956,0.228234,-1.97887,0.306,146.018,-250.636,295.614
-312.246,277.92,0.619676,0.300184,-0.261501,0.459,179.836,-310.25,276.355
317.848,266.211,0.0118312,-0.0755946,0.169558,-0.102,111.185,309.8,269.026
296.577,-302.882,5.47524,-0.0061338,0.37652,0.051,69.7538,288.49,-297.265
-250.798,302.384,2.20042,-0.24845,2.39366,-0.306,118.156,-252.981,299.218
-250.24,293.277,4.49685,-0.234912,4.06714,0.051,31.2747,-250.636,295.614
-254.588,304.991,1.39304,0.217012,-1.67634,0.306,129.706,-250.798,302.384
37.0199,100.672,5.27859,0.309828,-5.58722,3.747e-016,3.6147,36.3834,101.314
126.626,246.233,2.75411,0.17939,-1.40816,0.204,73.5931,132.183,248.85
69.8812,-202.485,3.77124,-0.305722,2.95848,-0.255,4.45787,72.5471,-204.666
121.018,336.883,3.01398,-0.238421,2.10457,-0.255,86.0134,122.803,332.558
-249.988,309.993,1.55409,-0.0937892,0.601481,-0.204,75.6581,-254.588,304.991
116.877,336.918,1.95098,0.234286,-2.13387,0.306,48.4192,121.018,336.883
-240.617,250.92,1.04807,0.221939,-2.46946,0.255,27.0392,-238.547,246.951
-149.469,201.099,5.96473,0.252827,-3.12335,0.255,3.45285,-151.944,198.444
108.42,-274.548,4.75164,-0.0480963,0.793642,3.747e-016,91.5732,106.91,-265.27
-255.184,318.299,1.92435,-0.0251352,0.478306,0.051,173.519,-249.988,309.993
304.122,283.752,2.81659,-0.26799,-2.87523,-0.102,78.529,304.562,277.332
-272.196,-213.068,5.03454,0.0522974,-0.513996,3.747e-016,297.686,-274.693,-203.762
-317.591,274.078,3.97279,-0.237341,2.34174,-0.306,178.41,-313.885,272.667
367.397,-100.469,6.04972,0.114995,-0.711176,0.051,156.707,359.138,-99.7857
-308.596,-106.393,2.97799,-0.0228658,0.112021,-0.051,129.353,-299.35,-109.158
-36.8331,186.543,0.0101358,0.204085,-0.549711,0.051,37.0519,-43.7279,184.175
305.56,-306.869,5.76317,-0.0157688,0.537463,3.747e-016,182.779,296.577,-302.882
269.638,39.1429,5.55089,-0.0881178,0.699258,-0.102,9.96194,265.596,45.9706
-315.627,-101.544,2.48649,0.0689654,-0.893573,0.051,156.232,-308.596,-106.393
33.9579,-209.238,3.57338,-0.00459014,0.403353,3.747e-016,141.816,42.6087,-204.333
55.6981,140.035,3.13296,-0.210311,-2.26552,-0.051,43.0616,60.8891,134.281
130.763,328.728,4.56483,-0.185228,2.75036,0.153,92.7772,126.964,331.891
-253.682,324.597,0.95047,0.155227,-1.67713,0.102,133.451,-255.184,318.299
327.455,266.629,6.24559,0.00596919,-0.257208,0.051,167.092,317.848,266.211
314.987,-305.94,6.22854,-0.0307198,0.842313,3.747e-016,41.1308,305.56,-306.869
324.506,-304.243,6.26376,0.0431762,0.104845,0.051,131.729,314.987,-305.94
-45.9903,199.164,1.23665,0.158989,-0.11606,0.102,26.0734,-44.744,191.47
-43.3127,207.118,1.40563,-0.00710773,0.700156,-0.102,126.087,-45.9903,199.164
179.058,252.329,0.00155576,-0.18229,0.804429,-0.153,6.61602,173.922,256.692
243.943,-225.869,3.68038,0.267616,-3.51869,0.153,6.38192,244.765,-222.324
-322.136,-97.0743,2.85705,-0.0947114,0.69025,-0.102,176.63,-315.627,-101.544
-138.502,67.3168,3.93143,-0.660088,8.87627,-1.02,10.1138,-139.638,68.1856
25.3734,-209.952,3.12613,0.083724,-0.724404,0.051,120.397,33.9579,-209.238
-329.842,-94.5765,2.55626,0.069229,-0.669297,0.102,122.977,-322.136,-97.0743
-204.408,-135.912,6.11991,0.162074,-0.934237,0.255,77.1585,-208.495,-140.297
328.698,-309.543,5.25599,0.146392,-1.60937,0.051,135.667,324.506,-304.243
305.944,-311.238,4.03519,0.259807,-2.94307,0.153,12.9216,305.56,-306.869
-276.946,-220.272,4.30097,0.0729497,-1.20413,3.747e-016,256.711,-272.196,-213.068
300.757,-311.806,4.41535,-0.192982,0.887247,-0.306,137.767,305.944,-311.238
375.339,-103.481,6.18029,-0.045077,0.426527,-0.102,74.6356,367.397,-100.469
106.864,-281.719,4.15605,0.121324,-1.03797,0.102,247.73,108.42,-274.548
-319.641,270.22,3.04871,0.230744,-1.85571,0.306,69.3637,-317.591,274.078
47.1367,141.185,3.31698,-0.194546,-0.58621,3.747e-016,25.914,55.6981,140.035
-323.4,270.428,4.32449,-0.248062,2.51775,-0.306,233.844,-319.641,270.22
334.71,-53.4226,0.664807,-0.213593,2.62659,-0.153,37.6626,329.575,-53.4235
-286.262,-222.43,3.70775,0.0144541,-1.00982,-0.051,266.321,-276.946,-220.272
-295.335,-225.569,3.6917,-0.0583979,-0.140491,-0.051,252.486,-286.262,-222.43
-198.349,-142.856,5.74435,0.0149054,-0.354921,-0.102,57.9987,-204.408,-135.912
382.383,-97.88,0.52204,-0.0625015,1.0172,3.747e-016,118.881,375.339,-103.481
-221.052,235.678,1.01626,0.219272,-2.55831,0.204,49.2045,-219.678,231.009
57.2485,-194.729,1.76409,0.201998,-2.15472,0.153,87.758,61.5468,-198.464
-246.371,51.0629,1.78823,0.244275,-2.38571,0.204,17.9043,-242.014,48.9738
199.511,-75.8473,2.94348,-0.150867,0.51211,-0.204,85.5557,202.827,-81.6326
311.132,245.624,0.0691657,-0.145821,-1.98513,-0.051,41.8143,304.306,250.773
-336.886,-91.7905,3.06751,-0.0994506,0.967618,-0.102,22.3359,-329.842,-94.5765
-198.281,-149.469,4.66234,0.123769,-1.88245,0.051,1.40003,-198.349,-142.856
127.739,299.101,3.42792,-0.0539461,1.37082,0.051,28.236,134.705,304.642
261.501,-247.973,4.35333,0.099348,-1.6144,0.051,12.4879,263.866,-241.146
-340.362,-88.9834,1.55616,0.24521,-2.72403,0.204,105.709,-336.886,-91.7905
103.474,-287.649,4.75244,-0.125927,1.19678,-0.153,168.12,106.864,-281.719
226.163,-9.14953,0.655531,-0.684099,8.05597,-0.918,13.3159,227.083,-10.2031
-249.171,328.996,1.58591,-0.165308,1.25479,-0.204,32.7673,-253.682,324.597
123.367,335.838,5.46368,-0.22851,3.90816,0.051,187.783,121.018,336.883
388.33,-97.1473,5.73868,0.194823,-1.84862,0.153,167.438,382.383,-97.88
328.985,-317.179,5.29681,-0.0841211,0.218797,-0.153,103.066,328.698,-309.543
319.796,242.052,6.21225,-0.12544,-0.925578,3.747e-016,21.002,311.132,245.624
226.557,103.192,3.82282,0.0790425,-1.74397,3.747e-016,15.9894,233.544,106.383
-278.202,-226.501,5.16524,-0.178532,1.50476,-0.153,178.045,-276.946,-220.272
-271.152,-230.099,5.30607,0.0490434,-0.00696232,0.153,159.671,-278.202,-226.501
-337.815,-84.8537,2.18321,-0.214062,1.30699,-0.306,20.7525,-340.362,-88.9834
-258.351,41.8322,3.56178,-0.0339895,0.762786,-0.051,75.0017,-250.071,45.3306
-269.717,-239.568,4.92143,0.0575756,-0.533979,3.747e-016,216.377,-271.152,-230.099
-322.717,272.187,0.832456,-0.249182,4.52866,0.051,4.0423,-323.4,270.428
-189.804,-144.852,6.14257,-0.072757,0.674645,-0.051,63.629,-198.349,-142.856
-340.569,-93.0791,5.6785,0.15224,-3.47874,-0.102,55.6261,-340.362,-88.9834
-265.809,-245.553,5.60894,-0.116101,1.26112,-0.102,57.1344,-269.717,-239.568
-342.991,-80.7774,1.76666,0.105182,-1.09009,0.204,154.846,-337.815,-84.8537
335.117,270.025,0.495377,-0.0854327,0.892626,-0.051,111.668,327.455,266.629
317.076,105.196,3.51296,0.648244,-10.5229,0.969,6.55624,317.548,104.243
-282.208,268.007,4.64209,-0.180905,2.78847,-0.102,19.6957,-279.818,272.687
300.714,-319.311,4.27625,0.0458926,-0.621785,0.153,192.72,300.757,-311.806
350.553,97.2614,5.8582,-0.0611012,4.50782,-0.153,50.4445,347.606,99.5601
-119.302,23.823,5.66756,-0.112829,1.29224,-0.051,84.3348,-125.095,28.6592
295.216,-327.273,4.26415,-0.0304382,0.00888014,-0.051,103.066,300.714,-319.311
348.821,99.0386,3.16082,-0.520841,10.5993,-0.459,88.2786,347.606,99.5601
101.952,-292.776,3.58903,0.209606,-2.15988,0.204,66.8899,103.474,-287.649
-256.76,-246.369,5.83689,0.0314113,0.272312,0.102,142.732,-265.809,-245.553
-252.042,335.975,1.46628,0.0699585,-0.458821,0.153,158.933,-249.171,328.996
116.041,338.196,6.1796,-0.573438,7.09877,-1.02,102.22,116.877,336.918
-247.913,-251.04,5.76724,0.0305632,0.0047858,3.747e-016,213.836,-256.76,-246.369
-182.552,-147.277,5.66202,0.0952113,-0.923258,0.102,92.1164,-189.804,-144.852
139.043,329.124,5.54683,0.013695,1.61467,0.153,71.2551,130.763,328.728
61.2427,-189.081,1.73901,-0.10084,0.168097,-0.204,87.3693,57.2485,-194.729
-47.9647,215.283,1.90773,-0.0242906,0.953402,3.747e-016,85.3998,-43.3127,207.118
-235.502,-12.909,4.08382,0.011501,1.57319e-005,0.102,1.38319,-232.408,-4.45426
121.14,249.456,3.37336,-0.143141,1.33197,-0.204,81.1602,126.626,246.233
-256.771,312.07,2.66516,-0.123521,1.75812,3.747e-016,1.4416,-249.988,309.993
-253.787,343.041,2.10582,-0.103335,1.22277,-0.102,99.4878,-252.042,335.975
-261.198,347.984,2.21063,0.0471777,0.0880664,0.102,93.4839,-253.787,343.041
-46.2981,220.218,0.509141,0.24069,-2.33467,0.153,94.9464,-47.9647,215.283
-275.497,-245.706,4.13419,0.0795848,-1.2857,3.747e-016,17.502,-269.717,-239.568
338.099,279.255,0.986609,-0.0219772,0.7534,0.051,193.977,335.117,270.025
-323.958,267.389,2.97446,0.294328,-2.57852,0.357,148.633,-323.4,270.428
-268.81,352.311,2.64139,-0.0450709,0.883895,-0.051,175.982,-261.198,347.984
392.552,-100.195,0.363225,-0.205018,1.79255,-0.255,91.8025,388.33,-97.1473
354.554,100.577,5.59501,0.303226,0.0715917,0.255,148.023,350.553,97.2614
-254.275,347.946,0.785157,0.235202,-2.36694,0.204,221.463,-253.787,343.041
-274.425,357.141,2.07983,0.122825,-0.957528,0.102,17.6231,-268.81,352.311
-341.602,-72.088,1.732,-0.0480066,0.0579547,-0.102,58.7784,-342.991,-80.7774
-176.566,-149.49,0.252571,-0.158846,1.61745,-0.153,81.6421,-182.552,-147.277
306.201,272.362,4.96282,-0.472073,-2.54711,-0.459,1.38903,305.525,270.475
-240.936,-258.022,5.53336,0.0356722,-0.321336,3.747e-016,147.821,-247.913,-251.04
118.819,342.043,3.82029,-0.161983,6.32723,0.357,84.8388,116.041,338.196
240.24,118.395,5.80047,0.295432,-2.28793,0.357,24.0644,238.679,115.611
62.6341,-181.788,1.15334,0.0738236,-1.25616,0.102,15.5512,61.2427,-189.081
-253.836,302.992,4.92051,0.292298,-4.42461,3.747e-016,10.624,-254.588,304.991
279.793,-293.071,3.71697,0.120319,-1.88662,0.051,21.5457,285.167,-289.17
-242.789,-14.243,3.2546,0.111718,-1.40162,0.051,20.7954,-235.502,-12.909
-43.5939,221.334,2.02727,-0.306189,2.87616,-0.357,186.798,-46.2981,220.218
396.58,-94.736,0.183232,0.105166,-0.584593,0.204,118.737,392.552,-100.195
-348.021,-96.1063,4.48931,-0.0359597,-2.17021,-0.153,161.048,-340.569,-93.0791
231.414,218.102,5.06976,0.395944,-2.83618,0.306,20.9257,229.096,216.416
64.1864,-175.561,1.97789,-0.176364,1.43071,-0.153,122.737,62.6341,-181.788
-265.358,41.3811,2.83744,0.138488,-1.22717,0.102,163.299,-258.351,41.8322
-240.693,231.098,3.8479,-0.0878128,1.65076,3.747e-016,78.507,-236.074,237.305
-282.206,-251.104,4.17307,-0.0734897,0.086969,-0.102,201.048,-275.497,-245.706
-238.883,-267.197,5.05168,0.0490918,-0.784675,3.747e-016,181.897,-240.936,-258.022
-304.103,-227.174,3.31443,0.0331359,-0.82945,0.051,110.8,-295.335,-225.569
359.074,99.9594,0.592085,-0.120475,3.01403,-0.255,149.922,354.554,100.577
-256.016,-81.5464,3.59335,0.0968781,-1.28442,0.051,15.7555,-249.243,-77.8246
63.5763,-171.263,0.670606,0.235006,-2.5009,0.255,51.7884,64.1864,-175.561
-279.003,263.13,4.21927,0.20136,-0.782821,0.255,43.2915,-282.208,268.007
226.551,-50.9069,5.77543,-0.234992,2.90728,-0.153,9.30051,224.914,-46.5581
-278.197,362.768,2.71563,-0.12596,1.28092,-0.153,203.293,-274.425,357.141
249.871,63.4001,4.17332,0.0704871,-1.33222,3.747e-016,27.2784,255.557,69.6677
-220.408,225.233,0.855374,-0.674739,8.65023,-0.918,16.9037,-219.296,224.39
162.173,276.639,5.18606,-0.250269,4.41234,0.051,60.3374,160.734,277.972
-285.037,364.691,2.309,0.115159,-0.84504,0.153,169.108,-278.197,362.768
-289.218,372.287,2.35312,-0.0418742,0.257552,-0.102,177.24,-285.037,364.691
-113.318,20.2867,5.1668,0.130186,-0.970705,0.153,76.084,-119.302,23.823
-247.72,332.619,0.0839664,0.25141,-2.83365,0.255,129.972,-249.171,328.996
-122.288,37.175,0.760581,-0.299072,3.59733,-0.204,10.0751,-125.188,38.4446
-243.49,329.904,0.595864,-0.204775,1.10847,-0.306,123.109,-247.72,332.619
-287.54,-258.975,4.05783,0.0103091,-0.38314,0.051,247.574,-282.206,-251.104
282.735,-48.2759,5.06282,-0.158938,1.39034,-0.051,6.68067,281.471,-41.4901
-199.317,-155.454,5.41014,-0.197295,1.33367,-0.204,59.7367,-198.281,-149.469
-296.189,-263.513,3.73331,0.020808,-0.590477,3.747e-016,230.45,-287.54,-258.975
335.504,-324.412,5.34804,-0.0051254,-0.104304,0.051,168.427,328.985,-317.179
301.87,290.864,2.31873,-0.149904,-2.01034,0.051,70.0471,304.122,283.752
121.802,347.176,5.46741,0.149061,3.37138,0.255,81.3086,118.819,342.043
-347.293,-64.443,2.14116,-0.0575248,0.586767,3.747e-016,80.2884,-341.602,-72.088
341.083,-332.768,5.32118,-0.00362148,-0.0757969,3.747e-016,88.0138,335.504,-324.412
299.063,299.779,2.19738,-0.129645,-0.913429,3.747e-016,83.9256,301.87,290.864
291.591,304.905,2.61926,-0.130946,0.243996,3.747e-016,55.8856,299.063,299.779
-269.977,49.3755,2.45791,-0.00603859,-0.468989,-0.102,102.916,-265.358,41.3811
293.572,-336.996,4.50578,-0.0358375,0.337119,3.747e-016,53.8169,295.216,-327.273
281.96,304.244,3.04936,-0.0604797,0.428388,0.051,33.3269,291.591,304.905
135.728,-232.15,5.44239,-0.143202,2.07966,-0.102,56.9901,133.409,-226.433
272.17,-287.897,3.05833,-0.012411,-1.09878,-0.102,10.2569,279.793,-293.071
-238.877,-276.994,4.91088,-0.0229926,-0.229305,-0.051,209.5,-238.883,-267.197
263.034,-286.373,3.19368,-0.0878056,0.035651,-0.051,29.1071,272.17,-287.897
98.5014,-294.245,4.83684,-0.266081,2.36727,-0.306,99.651,101.952,-292.776
-233.102,-281.85,5.68287,-0.11995,1.23752,-0.051,42.7527,-238.877,-276.994
-239.211,331.091,5.58424,0.209059,-2.59834,0.255,21.1671,-243.49,329.904
-112.684,134.147,1.81834,0.108282,-1.73765,3.747e-016,14.9839,-112.361,126.825
-45.6618,223.169,0.757798,0.29535,-2.52317,0.408,102.247,-43.5939,221.334
99.4545,-297.269,3.5305,0.27682,-2.574,0.357,196.261,98.5014,-294.245
54.2222,145.219,1.8454,0.000781816,-3.12729,0.102,55.499,55.6981,140.035
-170.796,-146.975,5.88733,0.162407,-1.29037,0.204,104.289,-176.566,-149.49
-327.879,273.942,1.35522,0.173197,0.936861,0.306,166.056,-322.717,272.187
-303.5,-269.203,3.93553,-0.0604967,0.316546,-0.051,92.9422,-296.189,-263.513
217.043,-202.486,0.90134,-0.209997,2.70044,-0.153,17.6897,212.114,-203.737
-326.318,268.394,4.51347,-0.314047,3.00067,-0.408,147.946,-323.958,267.389
-294.475,379.845,2.10174,0.043419,-0.507924,0.051,86.9908,-289.218,372.287
114.924,340.465,4.48278,-0.24886,7.45944,0.306,151.729,116.041,338.196
-354.358,-57.7065,2.22105,0.0176255,0.0717675,0.051,124.046,-347.293,-64.443
-229.97,-286.106,4.4992,0.215646,-2.17272,0.204,59.9774,-233.102,-281.85
-275.835,-164.529,6.14931,-0.205985,2.75412,-0.051,0.37674,-280.385,-162.764
-41.9199,220.486,4.75344,-0.226855,4.32003,0.102,70.8369,-43.5939,221.334
120.096,318.591,4.27079,-0.213866,0.359838,-0.306,1.3886,125.285,317.789
210.188,221.885,0.347121,0.0842827,3.55472,3.747e-016,7.22032,207.981,217.022
346.537,-341.207,5.30087,-0.00251099,-0.0561856,3.747e-016,139.554,341.083,-332.768
327.368,237.421,5.85361,-0.0274517,-1.0949,0.051,59.2818,319.796,242.052
-248.176,348.417,1.05645,-0.147706,0.73001,-0.255,142.699,-254.275,347.946
349.272,96.7718,2.92975,-0.174349,6.30258,3.747e-016,11.8125,350.553,97.2614
56.698,151.545,2.04744,-0.219946,-0.120937,-0.153,41.3237,54.2222,145.219
-310.007,-276.234,3.86607,0.0202912,-0.234756,0.051,179.525,-303.5,-269.203
17.4486,-210.444,3.49018,-0.0812879,0.743972,-0.102,111.648,25.3734,-209.952
361.372,102.271,5.47637,0.350679,-2.25561,0.306,86.8777,359.074,99.9594
96.0415,-297.553,4.62878,-0.260693,2.21292,-0.357,110.186,99.4545,-297.269
-330.878,280.174,2.08435,-0.0142131,1.8638,-0.102,117.203,-327.879,273.942
-37.0117,224.231,5.64062,0.116428,1.58481,0.255,31.1171,-41.9199,220.486
100.037,-296.031,5.2836,0.480631,-7.46396,0.051,0.579354,99.4545,-297.269
343.853,282.831,0.163368,0.152723,-1.36719,0.102,28.2298,338.099,279.255
-27.7624,221.611,5.74982,0.10016,0.738787,3.747e-016,54.7467,-37.0117,224.231
109.098,341.255,0.541397,0.114566,4.51023,0.306,65.0351,114.924,340.465
